seed,episode,policy,return_value
11,0,reference,133.0
11,0,learned_model,168.0
11,1,reference,261.0
11,1,learned_model,261.0
11,2,reference,164.0
11,2,learned_model,160.0
11,3,reference,105.0
11,3,learned_model,105.0
11,4,reference,241.0
11,4,learned_model,241.0
11,5,reference,72.0
11,5,learned_model,72.0
11,6,reference,151.0
11,6,learned_model,151.0
11,7,reference,67.0
11,7,learned_model,67.0
11,8,reference,122.0
11,8,learned_model,122.0
11,9,reference,82.0
11,9,learned_model,82.0
11,10,reference,94.0
11,10,learned_model,94.0
11,11,reference,185.0
11,11,learned_model,182.0
11,12,reference,115.0
11,12,learned_model,112.0
11,13,reference,298.0
11,13,learned_model,298.0
11,14,reference,205.0
11,14,learned_model,201.0
11,15,reference,114.0
11,15,learned_model,111.0
11,16,reference,86.0
11,16,learned_model,86.0
11,17,reference,225.0
11,17,learned_model,222.0
11,18,reference,200.0
11,18,learned_model,200.0
11,19,reference,128.0
11,19,learned_model,128.0
22,0,reference,248.0
22,0,learned_model,248.0
22,1,reference,145.0
22,1,learned_model,145.0
22,2,reference,144.0
22,2,learned_model,287.0
22,3,reference,292.0
22,3,learned_model,292.0
22,4,reference,71.0
22,4,learned_model,71.0
22,5,reference,286.0
22,5,learned_model,286.0
22,6,reference,114.0
22,6,learned_model,120.0
22,7,reference,98.0
22,7,learned_model,98.0
22,8,reference,88.0
22,8,learned_model,89.0
22,9,reference,90.0
22,9,learned_model,90.0
22,10,reference,140.0
22,10,learned_model,142.0
22,11,reference,222.0
22,11,learned_model,222.0
22,12,reference,191.0
22,12,learned_model,203.0
22,13,reference,131.0
22,13,learned_model,141.0
22,14,reference,251.0
22,14,learned_model,251.0
22,15,reference,146.0
22,15,learned_model,158.0
22,16,reference,141.0
22,16,learned_model,141.0
22,17,reference,182.0
22,17,learned_model,200.0
22,18,reference,244.0
22,18,learned_model,248.0
22,19,reference,92.0
22,19,learned_model,95.0
33,0,reference,134.0
33,0,learned_model,131.0
33,1,reference,213.0
33,1,learned_model,213.0
33,2,reference,67.0
33,2,learned_model,67.0
33,3,reference,171.0
33,3,learned_model,173.0
33,4,reference,162.0
33,4,learned_model,160.0
33,5,reference,211.0
33,5,learned_model,209.0
33,6,reference,106.0
33,6,learned_model,106.0
33,7,reference,80.0
33,7,learned_model,78.0
33,8,reference,78.0
33,8,learned_model,78.0
33,9,reference,212.0
33,9,learned_model,211.0
33,10,reference,102.0
33,10,learned_model,100.0
33,11,reference,152.0
33,11,learned_model,152.0
33,12,reference,104.0
33,12,learned_model,102.0
33,13,reference,75.0
33,13,learned_model,75.0
33,14,reference,183.0
33,14,learned_model,183.0
33,15,reference,86.0
33,15,learned_model,86.0
33,16,reference,68.0
33,16,learned_model,66.0
33,17,reference,178.0
33,17,learned_model,185.0
33,18,reference,179.0
33,18,learned_model,177.0
33,19,reference,159.0
33,19,learned_model,154.0
44,0,reference,152.0
44,0,learned_model,147.0
44,1,reference,94.0
44,1,learned_model,94.0
44,2,reference,70.0
44,2,learned_model,68.0
44,3,reference,128.0
44,3,learned_model,127.0
44,4,reference,218.0
44,4,learned_model,218.0
44,5,reference,187.0
44,5,learned_model,187.0
44,6,reference,78.0
44,6,learned_model,78.0
44,7,reference,78.0
44,7,learned_model,76.0
44,8,reference,230.0
44,8,learned_model,229.0
44,9,reference,80.0
44,9,learned_model,76.0
44,10,reference,162.0
44,10,learned_model,160.0
44,11,reference,177.0
44,11,learned_model,174.0
44,12,reference,90.0
44,12,learned_model,86.0
44,13,reference,251.0
44,13,learned_model,251.0
44,14,reference,84.0
44,14,learned_model,83.0
44,15,reference,244.0
44,15,learned_model,362.0
44,16,reference,122.0
44,16,learned_model,122.0
44,17,reference,303.0
44,17,learned_model,303.0
44,18,reference,92.0
44,18,learned_model,90.0
44,19,reference,218.0
44,19,learned_model,216.0
55,0,reference,280.0
55,0,learned_model,301.0
55,1,reference,198.0
55,1,learned_model,219.0
55,2,reference,140.0
55,2,learned_model,140.0
55,3,reference,70.0
55,3,learned_model,79.0
55,4,reference,75.0
55,4,learned_model,76.0
55,5,reference,198.0
55,5,learned_model,211.0
55,6,reference,70.0
55,6,learned_model,88.0
55,7,reference,141.0
55,7,learned_model,143.0
55,8,reference,85.0
55,8,learned_model,85.0
55,9,reference,104.0
55,9,learned_model,107.0
55,10,reference,222.0
55,10,learned_model,235.0
55,11,reference,77.0
55,11,learned_model,81.0
55,12,reference,144.0
55,12,learned_model,162.0
55,13,reference,136.0
55,13,learned_model,138.0
55,14,reference,93.0
55,14,learned_model,129.0
55,15,reference,199.0
55,15,learned_model,199.0
55,16,reference,94.0
55,16,learned_model,110.0
55,17,reference,78.0
55,17,learned_model,79.0
55,18,reference,122.0
55,18,learned_model,124.0
55,19,reference,116.0
55,19,learned_model,117.0
66,0,reference,76.0
66,0,learned_model,78.0
66,1,reference,78.0
66,1,learned_model,83.0
66,2,reference,88.0
66,2,learned_model,88.0
66,3,reference,290.0
66,3,learned_model,290.0
66,4,reference,364.0
66,4,learned_model,364.0
66,5,reference,221.0
66,5,learned_model,302.0
66,6,reference,76.0
66,6,learned_model,76.0
66,7,reference,176.0
66,7,learned_model,176.0
66,8,reference,174.0
66,8,learned_model,174.0
66,9,reference,211.0
66,9,learned_model,211.0
66,10,reference,173.0
66,10,learned_model,173.0
66,11,reference,83.0
66,11,learned_model,83.0
66,12,reference,93.0
66,12,learned_model,90.0
66,13,reference,112.0
66,13,learned_model,118.0
66,14,reference,138.0
66,14,learned_model,138.0
66,15,reference,94.0
66,15,learned_model,94.0
66,16,reference,264.0
66,16,learned_model,265.0
66,17,reference,70.0
66,17,learned_model,70.0
66,18,reference,162.0
66,18,learned_model,162.0
66,19,reference,68.0
66,19,learned_model,70.0
77,0,reference,84.0
77,0,learned_model,83.0
77,1,reference,76.0
77,1,learned_model,76.0
77,2,reference,225.0
77,2,learned_model,221.0
77,3,reference,89.0
77,3,learned_model,86.0
77,4,reference,81.0
77,4,learned_model,81.0
77,5,reference,203.0
77,5,learned_model,203.0
77,6,reference,68.0
77,6,learned_model,68.0
77,7,reference,176.0
77,7,learned_model,176.0
77,8,reference,232.0
77,8,learned_model,228.0
77,9,reference,154.0
77,9,learned_model,152.0
77,10,reference,172.0
77,10,learned_model,170.0
77,11,reference,105.0
77,11,learned_model,105.0
77,12,reference,72.0
77,12,learned_model,72.0
77,13,reference,120.0
77,13,learned_model,120.0
77,14,reference,194.0
77,14,learned_model,194.0
77,15,reference,152.0
77,15,learned_model,152.0
77,16,reference,230.0
77,16,learned_model,230.0
77,17,reference,85.0
77,17,learned_model,85.0
77,18,reference,123.0
77,18,learned_model,123.0
77,19,reference,112.0
77,19,learned_model,112.0
88,0,reference,103.0
88,0,learned_model,101.0
88,1,reference,88.0
88,1,learned_model,88.0
88,2,reference,134.0
88,2,learned_model,134.0
88,3,reference,92.0
88,3,learned_model,90.0
88,4,reference,72.0
88,4,learned_model,72.0
88,5,reference,234.0
88,5,learned_model,236.0
88,6,reference,76.0
88,6,learned_model,78.0
88,7,reference,88.0
88,7,learned_model,88.0
88,8,reference,220.0
88,8,learned_model,220.0
88,9,reference,70.0
88,9,learned_model,69.0
88,10,reference,66.0
88,10,learned_model,66.0
88,11,reference,231.0
88,11,learned_model,231.0
88,12,reference,66.0
88,12,learned_model,66.0
88,13,reference,91.0
88,13,learned_model,91.0
88,14,reference,186.0
88,14,learned_model,184.0
88,15,reference,127.0
88,15,learned_model,127.0
88,16,reference,110.0
88,16,learned_model,106.0
88,17,reference,184.0
88,17,learned_model,181.0
88,18,reference,114.0
88,18,learned_model,114.0
88,19,reference,194.0
88,19,learned_model,194.0
99,0,reference,68.0
99,0,learned_model,69.0
99,1,reference,182.0
99,1,learned_model,188.0
99,2,reference,202.0
99,2,learned_model,202.0
99,3,reference,186.0
99,3,learned_model,198.0
99,4,reference,73.0
99,4,learned_model,74.0
99,5,reference,276.0
99,5,learned_model,165.0
99,6,reference,232.0
99,6,learned_model,232.0
99,7,reference,149.0
99,7,learned_model,149.0
99,8,reference,144.0
99,8,learned_model,144.0
99,9,reference,178.0
99,9,learned_model,186.0
99,10,reference,216.0
99,10,learned_model,225.0
99,11,reference,77.0
99,11,learned_model,77.0
99,12,reference,127.0
99,12,learned_model,127.0
99,13,reference,171.0
99,13,learned_model,173.0
99,14,reference,88.0
99,14,learned_model,92.0
99,15,reference,122.0
99,15,learned_model,122.0
99,16,reference,420.0
99,16,learned_model,428.0
99,17,reference,74.0
99,17,learned_model,74.0
99,18,reference,163.0
99,18,learned_model,166.0
99,19,reference,175.0
99,19,learned_model,175.0
110,0,reference,113.0
110,0,learned_model,113.0
110,1,reference,216.0
110,1,learned_model,216.0
110,2,reference,66.0
110,2,learned_model,66.0
110,3,reference,187.0
110,3,learned_model,187.0
110,4,reference,86.0
110,4,learned_model,86.0
110,5,reference,152.0
110,5,learned_model,150.0
110,6,reference,230.0
110,6,learned_model,230.0
110,7,reference,177.0
110,7,learned_model,177.0
110,8,reference,126.0
110,8,learned_model,126.0
110,9,reference,110.0
110,9,learned_model,110.0
110,10,reference,93.0
110,10,learned_model,93.0
110,11,reference,182.0
110,11,learned_model,187.0
110,12,reference,139.0
110,12,learned_model,139.0
110,13,reference,90.0
110,13,learned_model,90.0
110,14,reference,221.0
110,14,learned_model,402.0
110,15,reference,72.0
110,15,learned_model,72.0
110,16,reference,72.0
110,16,learned_model,72.0
110,17,reference,178.0
110,17,learned_model,215.0
110,18,reference,244.0
110,18,learned_model,244.0
110,19,reference,90.0
110,19,learned_model,90.0
121,0,reference,83.0
121,0,learned_model,83.0
121,1,reference,162.0
121,1,learned_model,158.0
121,2,reference,86.0
121,2,learned_model,83.0
121,3,reference,193.0
121,3,learned_model,193.0
121,4,reference,91.0
121,4,learned_model,91.0
121,5,reference,76.0
121,5,learned_model,76.0
121,6,reference,65.0
121,6,learned_model,61.0
121,7,reference,139.0
121,7,learned_model,139.0
121,8,reference,94.0
121,8,learned_model,94.0
121,9,reference,76.0
121,9,learned_model,74.0
121,10,reference,233.0
121,10,learned_model,233.0
121,11,reference,348.0
121,11,learned_model,351.0
121,12,reference,290.0
121,12,learned_model,289.0
121,13,reference,196.0
121,13,learned_model,200.0
121,14,reference,246.0
121,14,learned_model,246.0
121,15,reference,156.0
121,15,learned_model,154.0
121,16,reference,156.0
121,16,learned_model,153.0
121,17,reference,361.0
121,17,learned_model,357.0
121,18,reference,154.0
121,18,learned_model,155.0
121,19,reference,252.0
121,19,learned_model,254.0
132,0,reference,250.0
132,0,learned_model,250.0
132,1,reference,74.0
132,1,learned_model,76.0
132,2,reference,82.0
132,2,learned_model,82.0
132,3,reference,93.0
132,3,learned_model,93.0
132,4,reference,64.0
132,4,learned_model,63.0
132,5,reference,101.0
132,5,learned_model,99.0
132,6,reference,85.0
132,6,learned_model,82.0
132,7,reference,72.0
132,7,learned_model,74.0
132,8,reference,184.0
132,8,learned_model,184.0
132,9,reference,74.0
132,9,learned_model,74.0
132,10,reference,90.0
132,10,learned_model,88.0
132,11,reference,142.0
132,11,learned_model,143.0
132,12,reference,106.0
132,12,learned_model,102.0
132,13,reference,192.0
132,13,learned_model,192.0
132,14,reference,74.0
132,14,learned_model,74.0
132,15,reference,236.0
132,15,learned_model,238.0
132,16,reference,282.0
132,16,learned_model,280.0
132,17,reference,333.0
132,17,learned_model,333.0
132,18,reference,68.0
132,18,learned_model,66.0
132,19,reference,114.0
132,19,learned_model,114.0
143,0,reference,168.0
143,0,learned_model,166.0
143,1,reference,209.0
143,1,learned_model,209.0
143,2,reference,159.0
143,2,learned_model,157.0
143,3,reference,375.0
143,3,learned_model,421.0
143,4,reference,118.0
143,4,learned_model,117.0
143,5,reference,244.0
143,5,learned_model,284.0
143,6,reference,79.0
143,6,learned_model,79.0
143,7,reference,181.0
143,7,learned_model,181.0
143,8,reference,123.0
143,8,learned_model,121.0
143,9,reference,167.0
143,9,learned_model,210.0
143,10,reference,281.0
143,10,learned_model,278.0
143,11,reference,140.0
143,11,learned_model,171.0
143,12,reference,163.0
143,12,learned_model,163.0
143,13,reference,71.0
143,13,learned_model,85.0
143,14,reference,250.0
143,14,learned_model,297.0
143,15,reference,174.0
143,15,learned_model,174.0
143,16,reference,172.0
143,16,learned_model,196.0
143,17,reference,301.0
143,17,learned_model,298.0
143,18,reference,124.0
143,18,learned_model,169.0
143,19,reference,166.0
143,19,learned_model,189.0
154,0,reference,138.0
154,0,learned_model,140.0
154,1,reference,85.0
154,1,learned_model,86.0
154,2,reference,245.0
154,2,learned_model,245.0
154,3,reference,90.0
154,3,learned_model,86.0
154,4,reference,219.0
154,4,learned_model,215.0
154,5,reference,65.0
154,5,learned_model,65.0
154,6,reference,89.0
154,6,learned_model,90.0
154,7,reference,141.0
154,7,learned_model,150.0
154,8,reference,116.0
154,8,learned_model,118.0
154,9,reference,188.0
154,9,learned_model,195.0
154,10,reference,378.0
154,10,learned_model,378.0
154,11,reference,163.0
154,11,learned_model,163.0
154,12,reference,76.0
154,12,learned_model,79.0
154,13,reference,75.0
154,13,learned_model,75.0
154,14,reference,248.0
154,14,learned_model,257.0
154,15,reference,189.0
154,15,learned_model,191.0
154,16,reference,84.0
154,16,learned_model,89.0
154,17,reference,190.0
154,17,learned_model,195.0
154,18,reference,144.0
154,18,learned_model,153.0
154,19,reference,213.0
154,19,learned_model,213.0
165,0,reference,160.0
165,0,learned_model,156.0
165,1,reference,258.0
165,1,learned_model,199.0
165,2,reference,190.0
165,2,learned_model,190.0
165,3,reference,251.0
165,3,learned_model,251.0
165,4,reference,232.0
165,4,learned_model,232.0
165,5,reference,214.0
165,5,learned_model,210.0
165,6,reference,163.0
165,6,learned_model,158.0
165,7,reference,82.0
165,7,learned_model,82.0
165,8,reference,162.0
165,8,learned_model,162.0
165,9,reference,79.0
165,9,learned_model,79.0
165,10,reference,80.0
165,10,learned_model,80.0
165,11,reference,298.0
165,11,learned_model,296.0
165,12,reference,127.0
165,12,learned_model,127.0
165,13,reference,75.0
165,13,learned_model,73.0
165,14,reference,74.0
165,14,learned_model,74.0
165,15,reference,288.0
165,15,learned_model,284.0
165,16,reference,250.0
165,16,learned_model,248.0
165,17,reference,66.0
165,17,learned_model,63.0
165,18,reference,94.0
165,18,learned_model,94.0
165,19,reference,75.0
165,19,learned_model,74.0
176,0,reference,207.0
176,0,learned_model,214.0
176,1,reference,64.0
176,1,learned_model,72.0
176,2,reference,230.0
176,2,learned_model,274.0
176,3,reference,97.0
176,3,learned_model,103.0
176,4,reference,126.0
176,4,learned_model,126.0
176,5,reference,194.0
176,5,learned_model,241.0
176,6,reference,76.0
176,6,learned_model,121.0
176,7,reference,74.0
176,7,learned_model,75.0
176,8,reference,160.0
176,8,learned_model,160.0
176,9,reference,244.0
176,9,learned_model,370.0
176,10,reference,190.0
176,10,learned_model,190.0
176,11,reference,249.0
176,11,learned_model,249.0
176,12,reference,236.0
176,12,learned_model,278.0
176,13,reference,78.0
176,13,learned_model,78.0
176,14,reference,179.0
176,14,learned_model,179.0
176,15,reference,332.0
176,15,learned_model,343.0
176,16,reference,252.0
176,16,learned_model,293.0
176,17,reference,156.0
176,17,learned_model,161.0
176,18,reference,76.0
176,18,learned_model,119.0
176,19,reference,78.0
176,19,learned_model,85.0
187,0,reference,132.0
187,0,learned_model,132.0
187,1,reference,262.0
187,1,learned_model,269.0
187,2,reference,124.0
187,2,learned_model,122.0
187,3,reference,183.0
187,3,learned_model,183.0
187,4,reference,137.0
187,4,learned_model,137.0
187,5,reference,202.0
187,5,learned_model,243.0
187,6,reference,76.0
187,6,learned_model,76.0
187,7,reference,288.0
187,7,learned_model,228.0
187,8,reference,156.0
187,8,learned_model,176.0
187,9,reference,173.0
187,9,learned_model,179.0
187,10,reference,96.0
187,10,learned_model,92.0
187,11,reference,82.0
187,11,learned_model,83.0
187,12,reference,97.0
187,12,learned_model,96.0
187,13,reference,242.0
187,13,learned_model,242.0
187,14,reference,161.0
187,14,learned_model,158.0
187,15,reference,206.0
187,15,learned_model,206.0
187,16,reference,182.0
187,16,learned_model,182.0
187,17,reference,99.0
187,17,learned_model,145.0
187,18,reference,114.0
187,18,learned_model,118.0
187,19,reference,82.0
187,19,learned_model,82.0
198,0,reference,132.0
198,0,learned_model,137.0
198,1,reference,74.0
198,1,learned_model,71.0
198,2,reference,166.0
198,2,learned_model,162.0
198,3,reference,198.0
198,3,learned_model,196.0
198,4,reference,84.0
198,4,learned_model,81.0
198,5,reference,78.0
198,5,learned_model,76.0
198,6,reference,245.0
198,6,learned_model,245.0
198,7,reference,91.0
198,7,learned_model,89.0
198,8,reference,143.0
198,8,learned_model,139.0
198,9,reference,92.0
198,9,learned_model,90.0
198,10,reference,108.0
198,10,learned_model,104.0
198,11,reference,89.0
198,11,learned_model,87.0
198,12,reference,160.0
198,12,learned_model,160.0
198,13,reference,83.0
198,13,learned_model,81.0
198,14,reference,68.0
198,14,learned_model,66.0
198,15,reference,69.0
198,15,learned_model,66.0
198,16,reference,138.0
198,16,learned_model,134.0
198,17,reference,110.0
198,17,learned_model,106.0
198,18,reference,107.0
198,18,learned_model,102.0
198,19,reference,152.0
198,19,learned_model,148.0
209,0,reference,73.0
209,0,learned_model,76.0
209,1,reference,85.0
209,1,learned_model,85.0
209,2,reference,108.0
209,2,learned_model,111.0
209,3,reference,322.0
209,3,learned_model,322.0
209,4,reference,82.0
209,4,learned_model,82.0
209,5,reference,314.0
209,5,learned_model,316.0
209,6,reference,134.0
209,6,learned_model,140.0
209,7,reference,285.0
209,7,learned_model,259.0
209,8,reference,189.0
209,8,learned_model,191.0
209,9,reference,76.0
209,9,learned_model,82.0
209,10,reference,100.0
209,10,learned_model,105.0
209,11,reference,137.0
209,11,learned_model,137.0
209,12,reference,194.0
209,12,learned_model,195.0
209,13,reference,288.0
209,13,learned_model,292.0
209,14,reference,99.0
209,14,learned_model,99.0
209,15,reference,85.0
209,15,learned_model,87.0
209,16,reference,84.0
209,16,learned_model,85.0
209,17,reference,79.0
209,17,learned_model,82.0
209,18,reference,83.0
209,18,learned_model,83.0
209,19,reference,283.0
209,19,learned_model,168.0
220,0,reference,259.0
220,0,learned_model,259.0
220,1,reference,80.0
220,1,learned_model,80.0
220,2,reference,228.0
220,2,learned_model,228.0
220,3,reference,229.0
220,3,learned_model,239.0
220,4,reference,164.0
220,4,learned_model,164.0
220,5,reference,66.0
220,5,learned_model,66.0
220,6,reference,66.0
220,6,learned_model,66.0
220,7,reference,190.0
220,7,learned_model,197.0
220,8,reference,204.0
220,8,learned_model,204.0
220,9,reference,238.0
220,9,learned_model,238.0
220,10,reference,170.0
220,10,learned_model,170.0
220,11,reference,115.0
220,11,learned_model,124.0
220,12,reference,120.0
220,12,learned_model,145.0
220,13,reference,78.0
220,13,learned_model,78.0
220,14,reference,144.0
220,14,learned_model,146.0
220,15,reference,91.0
220,15,learned_model,95.0
220,16,reference,244.0
220,16,learned_model,245.0
220,17,reference,147.0
220,17,learned_model,173.0
220,18,reference,172.0
220,18,learned_model,172.0
220,19,reference,190.0
220,19,learned_model,194.0
231,0,reference,204.0
231,0,learned_model,204.0
231,1,reference,176.0
231,1,learned_model,173.0
231,2,reference,82.0
231,2,learned_model,80.0
231,3,reference,108.0
231,3,learned_model,108.0
231,4,reference,77.0
231,4,learned_model,77.0
231,5,reference,70.0
231,5,learned_model,70.0
231,6,reference,76.0
231,6,learned_model,64.0
231,7,reference,206.0
231,7,learned_model,203.0
231,8,reference,244.0
231,8,learned_model,242.0
231,9,reference,259.0
231,9,learned_model,257.0
231,10,reference,77.0
231,10,learned_model,74.0
231,11,reference,81.0
231,11,learned_model,79.0
231,12,reference,126.0
231,12,learned_model,124.0
231,13,reference,182.0
231,13,learned_model,182.0
231,14,reference,206.0
231,14,learned_model,204.0
231,15,reference,117.0
231,15,learned_model,117.0
231,16,reference,283.0
231,16,learned_model,286.0
231,17,reference,183.0
231,17,learned_model,183.0
231,18,reference,120.0
231,18,learned_model,120.0
231,19,reference,184.0
231,19,learned_model,184.0
242,0,reference,114.0
242,0,learned_model,114.0
242,1,reference,90.0
242,1,learned_model,90.0
242,2,reference,196.0
242,2,learned_model,196.0
242,3,reference,119.0
242,3,learned_model,119.0
242,4,reference,72.0
242,4,learned_model,72.0
242,5,reference,120.0
242,5,learned_model,122.0
242,6,reference,218.0
242,6,learned_model,218.0
242,7,reference,206.0
242,7,learned_model,206.0
242,8,reference,244.0
242,8,learned_model,242.0
242,9,reference,206.0
242,9,learned_model,206.0
242,10,reference,86.0
242,10,learned_model,86.0
242,11,reference,70.0
242,11,learned_model,70.0
242,12,reference,228.0
242,12,learned_model,228.0
242,13,reference,180.0
242,13,learned_model,180.0
242,14,reference,70.0
242,14,learned_model,70.0
242,15,reference,350.0
242,15,learned_model,349.0
242,16,reference,89.0
242,16,learned_model,89.0
242,17,reference,120.0
242,17,learned_model,120.0
242,18,reference,62.0
242,18,learned_model,62.0
242,19,reference,276.0
242,19,learned_model,276.0
253,0,reference,294.0
253,0,learned_model,294.0
253,1,reference,317.0
253,1,learned_model,317.0
253,2,reference,282.0
253,2,learned_model,284.0
253,3,reference,239.0
253,3,learned_model,265.0
253,4,reference,242.0
253,4,learned_model,248.0
253,5,reference,112.0
253,5,learned_model,118.0
253,6,reference,157.0
253,6,learned_model,182.0
253,7,reference,170.0
253,7,learned_model,170.0
253,8,reference,382.0
253,8,learned_model,390.0
253,9,reference,182.0
253,9,learned_model,182.0
253,10,reference,192.0
253,10,learned_model,194.0
253,11,reference,74.0
253,11,learned_model,74.0
253,12,reference,226.0
253,12,learned_model,242.0
253,13,reference,177.0
253,13,learned_model,179.0
253,14,reference,130.0
253,14,learned_model,130.0
253,15,reference,95.0
253,15,learned_model,97.0
253,16,reference,280.0
253,16,learned_model,287.0
253,17,reference,68.0
253,17,learned_model,68.0
253,18,reference,284.0
253,18,learned_model,285.0
253,19,reference,71.0
253,19,learned_model,83.0
264,0,reference,266.0
264,0,learned_model,264.0
264,1,reference,315.0
264,1,learned_model,311.0
264,2,reference,208.0
264,2,learned_model,208.0
264,3,reference,72.0
264,3,learned_model,69.0
264,4,reference,136.0
264,4,learned_model,131.0
264,5,reference,198.0
264,5,learned_model,200.0
264,6,reference,108.0
264,6,learned_model,103.0
264,7,reference,214.0
264,7,learned_model,212.0
264,8,reference,78.0
264,8,learned_model,78.0
264,9,reference,185.0
264,9,learned_model,179.0
264,10,reference,268.0
264,10,learned_model,265.0
264,11,reference,217.0
264,11,learned_model,213.0
264,12,reference,117.0
264,12,learned_model,115.0
264,13,reference,162.0
264,13,learned_model,162.0
264,14,reference,116.0
264,14,learned_model,118.0
264,15,reference,102.0
264,15,learned_model,97.0
264,16,reference,80.0
264,16,learned_model,77.0
264,17,reference,320.0
264,17,learned_model,178.0
264,18,reference,74.0
264,18,learned_model,71.0
264,19,reference,230.0
264,19,learned_model,224.0
275,0,reference,247.0
275,0,learned_model,248.0
275,1,reference,126.0
275,1,learned_model,125.0
275,2,reference,178.0
275,2,learned_model,178.0
275,3,reference,75.0
275,3,learned_model,75.0
275,4,reference,152.0
275,4,learned_model,152.0
275,5,reference,134.0
275,5,learned_model,134.0
275,6,reference,100.0
275,6,learned_model,100.0
275,7,reference,231.0
275,7,learned_model,231.0
275,8,reference,76.0
275,8,learned_model,76.0
275,9,reference,102.0
275,9,learned_model,102.0
275,10,reference,122.0
275,10,learned_model,122.0
275,11,reference,174.0
275,11,learned_model,177.0
275,12,reference,148.0
275,12,learned_model,148.0
275,13,reference,216.0
275,13,learned_model,216.0
275,14,reference,74.0
275,14,learned_model,74.0
275,15,reference,70.0
275,15,learned_model,72.0
275,16,reference,82.0
275,16,learned_model,82.0
275,17,reference,124.0
275,17,learned_model,122.0
275,18,reference,114.0
275,18,learned_model,114.0
275,19,reference,92.0
275,19,learned_model,94.0
286,0,reference,84.0
286,0,learned_model,86.0
286,1,reference,118.0
286,1,learned_model,118.0
286,2,reference,85.0
286,2,learned_model,83.0
286,3,reference,180.0
286,3,learned_model,176.0
286,4,reference,71.0
286,4,learned_model,76.0
286,5,reference,206.0
286,5,learned_model,206.0
286,6,reference,84.0
286,6,learned_model,84.0
286,7,reference,70.0
286,7,learned_model,69.0
286,8,reference,195.0
286,8,learned_model,195.0
286,9,reference,76.0
286,9,learned_model,76.0
286,10,reference,150.0
286,10,learned_model,148.0
286,11,reference,214.0
286,11,learned_model,213.0
286,12,reference,122.0
286,12,learned_model,122.0
286,13,reference,248.0
286,13,learned_model,248.0
286,14,reference,87.0
286,14,learned_model,84.0
286,15,reference,200.0
286,15,learned_model,200.0
286,16,reference,285.0
286,16,learned_model,285.0
286,17,reference,106.0
286,17,learned_model,105.0
286,18,reference,90.0
286,18,learned_model,90.0
286,19,reference,74.0
286,19,learned_model,73.0
297,0,reference,72.0
297,0,learned_model,72.0
297,1,reference,120.0
297,1,learned_model,120.0
297,2,reference,192.0
297,2,learned_model,192.0
297,3,reference,76.0
297,3,learned_model,76.0
297,4,reference,258.0
297,4,learned_model,258.0
297,5,reference,108.0
297,5,learned_model,105.0
297,6,reference,105.0
297,6,learned_model,105.0
297,7,reference,147.0
297,7,learned_model,144.0
297,8,reference,304.0
297,8,learned_model,188.0
297,9,reference,74.0
297,9,learned_model,72.0
297,10,reference,248.0
297,10,learned_model,246.0
297,11,reference,112.0
297,11,learned_model,112.0
297,12,reference,78.0
297,12,learned_model,76.0
297,13,reference,187.0
297,13,learned_model,187.0
297,14,reference,218.0
297,14,learned_model,213.0
297,15,reference,70.0
297,15,learned_model,70.0
297,16,reference,83.0
297,16,learned_model,83.0
297,17,reference,74.0
297,17,learned_model,74.0
297,18,reference,231.0
297,18,learned_model,229.0
297,19,reference,120.0
297,19,learned_model,117.0
308,0,reference,195.0
308,0,learned_model,192.0
308,1,reference,186.0
308,1,learned_model,185.0
308,2,reference,286.0
308,2,learned_model,281.0
308,3,reference,181.0
308,3,learned_model,181.0
308,4,reference,82.0
308,4,learned_model,81.0
308,5,reference,270.0
308,5,learned_model,264.0
308,6,reference,253.0
308,6,learned_model,253.0
308,7,reference,302.0
308,7,learned_model,299.0
308,8,reference,69.0
308,8,learned_model,69.0
308,9,reference,195.0
308,9,learned_model,195.0
308,10,reference,66.0
308,10,learned_model,64.0
308,11,reference,133.0
308,11,learned_model,133.0
308,12,reference,176.0
308,12,learned_model,176.0
308,13,reference,254.0
308,13,learned_model,254.0
308,14,reference,130.0
308,14,learned_model,130.0
308,15,reference,78.0
308,15,learned_model,75.0
308,16,reference,145.0
308,16,learned_model,145.0
308,17,reference,180.0
308,17,learned_model,178.0
308,18,reference,151.0
308,18,learned_model,149.0
308,19,reference,236.0
308,19,learned_model,279.0
319,0,reference,111.0
319,0,learned_model,111.0
319,1,reference,376.0
319,1,learned_model,378.0
319,2,reference,99.0
319,2,learned_model,99.0
319,3,reference,330.0
319,3,learned_model,242.0
319,4,reference,84.0
319,4,learned_model,82.0
319,5,reference,158.0
319,5,learned_model,158.0
319,6,reference,102.0
319,6,learned_model,108.0
319,7,reference,182.0
319,7,learned_model,184.0
319,8,reference,80.0
319,8,learned_model,82.0
319,9,reference,68.0
319,9,learned_model,71.0
319,10,reference,95.0
319,10,learned_model,95.0
319,11,reference,207.0
319,11,learned_model,208.0
319,12,reference,140.0
319,12,learned_model,142.0
319,13,reference,232.0
319,13,learned_model,232.0
319,14,reference,262.0
319,14,learned_model,269.0
319,15,reference,86.0
319,15,learned_model,86.0
319,16,reference,70.0
319,16,learned_model,70.0
319,17,reference,184.0
319,17,learned_model,184.0
319,18,reference,185.0
319,18,learned_model,185.0
319,19,reference,103.0
319,19,learned_model,105.0
330,0,reference,113.0
330,0,learned_model,115.0
330,1,reference,138.0
330,1,learned_model,134.0
330,2,reference,189.0
330,2,learned_model,191.0
330,3,reference,76.0
330,3,learned_model,77.0
330,4,reference,70.0
330,4,learned_model,70.0
330,5,reference,289.0
330,5,learned_model,289.0
330,6,reference,184.0
330,6,learned_model,184.0
330,7,reference,70.0
330,7,learned_model,70.0
330,8,reference,74.0
330,8,learned_model,74.0
330,9,reference,254.0
330,9,learned_model,254.0
330,10,reference,76.0
330,10,learned_model,76.0
330,11,reference,94.0
330,11,learned_model,95.0
330,12,reference,113.0
330,12,learned_model,113.0
330,13,reference,190.0
330,13,learned_model,188.0
330,14,reference,76.0
330,14,learned_model,76.0
330,15,reference,71.0
330,15,learned_model,71.0
330,16,reference,198.0
330,16,learned_model,198.0
330,17,reference,212.0
330,17,learned_model,158.0
330,18,reference,199.0
330,18,learned_model,352.0
330,19,reference,190.0
330,19,learned_model,190.0
